﻿Имя,Фамилия,Страна,Город,Дата рождения,Пол
Alexander,Bychkov,Russia,Tomsk,Unknown,male
Alexander,Kaynak,Russia,Kemerovo,07.21,male
Alexander,Romashenko,Russia,Tomsk,01.28,male
Alexandra,Babkina,Unknown,Unknown,2001.11.11,female
Alexey,Melkozerov,Russia,Tomsk,2001.01.13,male
Alisa,Isaeva,Russia,Tomsk,2001.03.05,female
Anastasia,Gulevskaya,Russia,Novosibirsk,1999.11.04,female
Anastasia,Mikhaylenko,Russia,Tomsk,10.06,female
Anastasia,Ponomareva,Russia,Tomsk,03.25,female
Anatoly,Gorynychkhak,Ukraine,Unknown,11.12,male
Andrey,Romankov,Russia,Omsk,03.25,male
Danila,Novitsky,Russia,Tomsk,12.07,male
Darya,Pavlova,Russia,Ryazan,12.20,female
Darya,Utenkova,Russia,Unknown,06.22,female
Denis,Belyakov,Russia,Tomsk,06.11,male
Diana,Kiseleva,Russia,Tomsk,03.22,female
Dmitry,Kazantsev,Russia,Tomsk,2001.01.02,male
Dmitry,Kontsybko,Russia,Tomsk,04.19,male
Ekaterina,Romashenko,Russia,Tomsk,01.28,female
Evgeny,Mansurov,Russia,Tomsk,1997.11.26,male
Grigory,Svintsov,Russia,Tomsk,06.14,male
Irina,Myagkova,Russia,Saint Petersburg,2000.08.03,female
Ivan,Danilov,Russia,Moscow,Unknown,male
Konstantin,Popov,Unknown,Unknown,Unknown,male
Kristina,Ogorodskaya,Russia,Tomsk,Unknown,female
Maga,Koloev,Russia,Tomsk,2000.09.14,male
Maria,Khudyashov,Russia,Tomsk,08.12,female
Maria,Shamanaeva,Russia,Unknown,04.20,female
Maxim,Semyonov,France,Unknown,06.24,male
Nikita,Petrov,Russia,Tomsk,11.19,male
Nikita,Prizyvanet,Russia,Omsk,1998.11.25,male
Nikolay,Samus,Russia,Krasnoyarsk,03.14,male
Roman,Sinitsyn,Russia,Unknown,06.01,male
Selina,Chaykina,Russia,Tomsk,03.28,female
Semen,Vasilchenko,Unknown,Unknown,2001.01.11,male
Sergey,Semyonov,Unknown,Unknown,Unknown,male
Sergey,Tyryshkin,Russia,Tomsk,09.08,male
Stas,Rakov,Russia,Unknown,Unknown,male
Sveta,Kicheva,Kazakhstan,Unknown,01.22,female
Vadim,Klyachin,Russia,Anapa,2001.08.30,male
Valeria,Zabavnova,Russia,Tomsk,2003.02.06,female
Valya,Lapinskaya,Russia,Sergeevo,2002.05.08,female
Vlad,Prokudin,Russia,Unknown,2007.02.14,male
Vlada,Rusalyova,Russia,Tomsk,2001.02.13,female
Vladislav,Korobeynikov,Russia,Tomsk,09.02,male
Vyacheslav,Smirnov,Russia,Tomsk,01.05,male
Yaroslav,Olshtrem,Russia,Tomsk,08.27,male
Yulia,Tkachuk,Russia,Tomsk,1991.10.18,female
Yury,Semenov,Russia,Unknown,2001.02.13,male
Lyudmila,Stepanova,Unknown,Unknown,1996.07.07,female
